{
  "basics": {
    "name": "Adrian Briggs",
    "email": "amanda55@example.org",
    "phone": "+852 3319 3131"
  },
  "work": [
    {
      "company": "Lewis, Johnson and Moore",
      "position": "Aircraft Maintenance Engineer",
      "summary": "Maintained A380 aircraft for 7 years.",
      "highlights": [
        "Certified in HKCAD Cat B1"
      ]
    }
  ],
  "skills": [
    {
      "name": "Aviation Engineering",
      "keywords": [
        "Firefighter",
        "Teacher, special educational needs",
        "Manufacturing engineer",
        "Financial controller",
        "Academic librarian",
        "Scientist, research (medical)"
      ]
    }
  ],
  "languages": [
    {
      "language": "Tonga"
    },
    {
      "language": "Occitan"
    }
  ],
  "certificates": [
    {
      "name": "HKCAD Cat B1"
    }
  ]
}