{
  "basics": {
    "name": "Adriana Cruz",
    "email": "garrettblackwell@example.com",
    "phone": "+852 1176 2713"
  },
  "work": [
    {
      "company": "Hall, Howard and Carter",
      "position": "Aircraft Maintenance Engineer",
      "summary": "Maintained Boeing 777 aircraft for 15 years.",
      "highlights": [
        "Certified in FAA A&P License"
      ]
    }
  ],
  "skills": [
    {
      "name": "Aviation Engineering",
      "keywords": [
        "Lecturer, higher education",
        "Journalist, magazine",
        "Podiatrist"
      ]
    }
  ],
  "languages": [
    {
      "language": "Romansh"
    },
    {
      "language": "Basque"
    }
  ],
  "certificates": [
    {
      "name": "FAA A&P License"
    }
  ]
}