{
  "basics": {
    "name": "Alan Morgan",
    "email": "taylor35@example.com",
    "phone": "+852 8617 6567"
  },
  "work": [
    {
      "company": "Cannon-Green",
      "position": "Aircraft Maintenance Engineer",
      "summary": "Maintained Boeing 777 aircraft for 1 years.",
      "highlights": [
        "Certified in FAA A&P License"
      ]
    }
  ],
  "skills": [
    {
      "name": "Aviation Engineering",
      "keywords": [
        "Building control surveyor",
        "Catering manager",
        "Surgeon",
        "Data processing manager",
        "Personnel officer"
      ]
    }
  ],
  "languages": [
    {
      "language": "Persian"
    }
  ],
  "certificates": [
    {
      "name": "FAA A&P License"
    }
  ]
}