{
  "basics": {
    "name": "Alexis Craig",
    "email": "cheryl33@example.net",
    "phone": "+852 9653 4821"
  },
  "work": [
    {
      "company": "Huff Group",
      "position": "Aircraft Maintenance Engineer",
      "summary": "Maintained Boeing 777 aircraft for 5 years.",
      "highlights": [
        "Certified in HKCAD Cat B1"
      ]
    }
  ],
  "skills": [
    {
      "name": "Aviation Engineering",
      "keywords": [
        "Geologist, engineering",
        "Contractor",
        "Chartered certified accountant",
        "Senior tax professional/tax inspector"
      ]
    }
  ],
  "languages": [
    {
      "language": "Nepali"
    },
    {
      "language": "Kinyarwanda"
    }
  ],
  "certificates": [
    {
      "name": "HKCAD Cat B1"
    }
  ]
}