{
  "basics": {
    "name": "Alexandra Larson",
    "email": "simpsonteresa@example.com",
    "phone": "+852 9169 2023"
  },
  "work": [
    {
      "company": "Richardson-Rush",
      "position": "Aircraft Maintenance Engineer",
      "summary": "Maintained A380 aircraft for 16 years.",
      "highlights": [
        "Certified in FAA A&P License"
      ]
    }
  ],
  "skills": [
    {
      "name": "Aviation Engineering",
      "keywords": [
        "Electrical engineer",
        "Travel agency manager",
        "Scientist, product/process development",
        "Hospital doctor",
        "Forensic scientist",
        "Radiation protection practitioner"
      ]
    }
  ],
  "languages": [
    {
      "language": "Sanskrit"
    }
  ],
  "certificates": [
    {
      "name": "FAA A&P License"
    }
  ]
}