{
  "basics": {
    "name": "Alexander Huff",
    "email": "djoseph@example.org",
    "phone": "+852 4590 3577"
  },
  "work": [
    {
      "company": "Moss-Moore",
      "position": "Aircraft Maintenance Engineer",
      "summary": "Maintained A380 aircraft for 9 years.",
      "highlights": [
        "Certified in HKCAD Cat B1"
      ]
    }
  ],
  "skills": [
    {
      "name": "Aviation Engineering",
      "keywords": [
        "Chartered legal executive (England and Wales)",
        "Midwife",
        "Scientific laboratory technician"
      ]
    }
  ],
  "languages": [
    {
      "language": "Chamorro"
    }
  ],
  "certificates": [
    {
      "name": "HKCAD Cat B1"
    }
  ]
}