{
  "basics": {
    "name": "Andrew Freeman",
    "email": "patrick14@example.com",
    "phone": "+852 6395 6430"
  },
  "work": [
    {
      "company": "Griffin PLC",
      "position": "Aircraft Maintenance Engineer",
      "summary": "Maintained Airbus A350 aircraft for 2 years.",
      "highlights": [
        "Certified in EASA Part-66 License"
      ]
    }
  ],
  "skills": [
    {
      "name": "Aviation Engineering",
      "keywords": [
        "Sports therapist",
        "Control and instrumentation engineer",
        "Production manager",
        "Psychiatrist"
      ]
    }
  ],
  "languages": [
    {
      "language": "Azerbaijani"
    },
    {
      "language": "Chamorro"
    }
  ],
  "certificates": [
    {
      "name": "EASA Part-66 License"
    }
  ]
}