{
  "basics": {
    "name": "Andrea Obrien",
    "email": "kimberly50@example.net",
    "phone": "+852 8098 1396"
  },
  "work": [
    {
      "company": "Oconnor Group",
      "position": "Aircraft Maintenance Engineer",
      "summary": "Maintained A330neo aircraft for 9 years.",
      "highlights": [
        "Certified in HKCAD Cat B1"
      ]
    }
  ],
  "skills": [
    {
      "name": "Aviation Engineering",
      "keywords": [
        "Tree surgeon",
        "Risk analyst",
        "Catering manager",
        "Training and development officer"
      ]
    }
  ],
  "languages": [
    {
      "language": "Armenian"
    },
    {
      "language": "Croatian"
    }
  ],
  "certificates": [
    {
      "name": "HKCAD Cat B1"
    }
  ]
}