{
  "basics": {
    "name": "Angela Harper",
    "email": "uwilliams@example.org",
    "phone": "+852 9202 2103"
  },
  "work": [
    {
      "company": "Brown Ltd",
      "position": "Aircraft Maintenance Engineer",
      "summary": "Maintained Airbus A350 aircraft for 4 years.",
      "highlights": [
        "Certified in FAA A&P License"
      ]
    }
  ],
  "skills": [
    {
      "name": "Aviation Engineering",
      "keywords": [
        "Restaurant manager, fast food",
        "Estate agent",
        "Soil scientist",
        "Technical author",
        "Psychologist, occupational"
      ]
    }
  ],
  "languages": [
    {
      "language": "Central Khmer"
    },
    {
      "language": "Guarani"
    },
    {
      "language": "Romansh"
    }
  ],
  "certificates": [
    {
      "name": "FAA A&P License"
    }
  ]
}