{
  "basics": {
    "name": "Anthony Williams",
    "email": "emilycraig@example.net",
    "phone": "+852 5582 7085"
  },
  "work": [
    {
      "company": "Campbell and Sons",
      "position": "Aircraft Maintenance Engineer",
      "summary": "Maintained A330neo aircraft for 2 years.",
      "highlights": [
        "Certified in EASA Part-66 License"
      ]
    }
  ],
  "skills": [
    {
      "name": "Aviation Engineering",
      "keywords": [
        "Therapeutic radiographer",
        "Garment/textile technologist",
        "Designer, industrial/product",
        "Warden/ranger",
        "Editorial assistant"
      ]
    }
  ],
  "languages": [
    {
      "language": "Turkish"
    }
  ],
  "certificates": [
    {
      "name": "EASA Part-66 License"
    }
  ]
}