{
  "basics": {
    "name": "Ashley Nguyen",
    "email": "wolfetiffany@example.com",
    "phone": "+852 5185 6113"
  },
  "work": [
    {
      "company": "Young PLC",
      "position": "Aircraft Maintenance Engineer",
      "summary": "Maintained A380 aircraft for 19 years.",
      "highlights": [
        "Certified in HKCAD Cat B1"
      ]
    }
  ],
  "skills": [
    {
      "name": "Aviation Engineering",
      "keywords": [
        "Operations geologist",
        "Statistician",
        "Engineer, materials",
        "Trading standards officer",
        "Structural engineer"
      ]
    }
  ],
  "languages": [
    {
      "language": "Sardinian"
    },
    {
      "language": "Tagalog"
    },
    {
      "language": "Yoruba"
    }
  ],
  "certificates": [
    {
      "name": "HKCAD Cat B1"
    }
  ]
}