{
  "basics": {
    "name": "Ashley Sanders",
    "email": "sherrismith@example.org",
    "phone": "+852 9328 5841"
  },
  "work": [
    {
      "company": "Alvarado Group",
      "position": "Aircraft Maintenance Engineer",
      "summary": "Maintained Boeing 787 aircraft for 20 years.",
      "highlights": [
        "Certified in HKCAD Cat B1"
      ]
    }
  ],
  "skills": [
    {
      "name": "Aviation Engineering",
      "keywords": [
        "Commercial horticulturist",
        "Translator",
        "Higher education lecturer",
        "Risk manager",
        "Accountant, chartered public finance",
        "Rural practice surveyor"
      ]
    }
  ],
  "languages": [
    {
      "language": "Latin"
    }
  ],
  "certificates": [
    {
      "name": "HKCAD Cat B1"
    }
  ]
}