{
  "basics": {
    "name": "Brett Becker",
    "email": "dwilson@example.org",
    "phone": "+852 1318 3346"
  },
  "work": [
    {
      "company": "Beasley and Sons",
      "position": "Aircraft Maintenance Engineer",
      "summary": "Maintained Airbus A350 aircraft for 7 years.",
      "highlights": [
        "Certified in HKCAD Cat B1"
      ]
    }
  ],
  "skills": [
    {
      "name": "Aviation Engineering",
      "keywords": [
        "Air cabin crew",
        "Proofreader",
        "Medical illustrator",
        "Product manager"
      ]
    }
  ],
  "languages": [
    {
      "language": "Kongo"
    },
    {
      "language": "Twi"
    }
  ],
  "certificates": [
    {
      "name": "HKCAD Cat B1"
    }
  ]
}