{
  "basics": {
    "name": "Bryce Fowler",
    "email": "duncantyler@example.net",
    "phone": "+852 3312 1915"
  },
  "work": [
    {
      "company": "Robbins PLC",
      "position": "Aircraft Maintenance Engineer",
      "summary": "Maintained A380 aircraft for 7 years.",
      "highlights": [
        "Certified in FAA A&P License"
      ]
    }
  ],
  "skills": [
    {
      "name": "Aviation Engineering",
      "keywords": [
        "Dramatherapist",
        "Administrator, charities/voluntary organisations",
        "Teacher, special educational needs",
        "Engineer, materials",
        "Editor, magazine features"
      ]
    }
  ],
  "languages": [
    {
      "language": "Luba-Katanga"
    }
  ],
  "certificates": [
    {
      "name": "FAA A&P License"
    }
  ]
}