{
  "basics": {
    "name": "Cameron Ford",
    "email": "shawn04@example.net",
    "phone": "+852 5754 4685"
  },
  "work": [
    {
      "company": "Wallace-Douglas",
      "position": "Aircraft Maintenance Engineer",
      "summary": "Maintained Boeing 777 aircraft for 5 years.",
      "highlights": [
        "Certified in EASA Part-66 License"
      ]
    }
  ],
  "skills": [
    {
      "name": "Aviation Engineering",
      "keywords": [
        "Production designer, theatre/television/film",
        "Firefighter",
        "Psychologist, sport and exercise",
        "Intelligence analyst",
        "Financial planner"
      ]
    }
  ],
  "languages": [
    {
      "language": "Cree"
    },
    {
      "language": "Samoan"
    },
    {
      "language": "Macedonian"
    }
  ],
  "certificates": [
    {
      "name": "EASA Part-66 License"
    }
  ]
}