{
  "basics": {
    "name": "Chad Myers",
    "email": "lopezmarie@example.com",
    "phone": "+852 5321 2769"
  },
  "work": [
    {
      "company": "Barnes, Gonzales and Perez",
      "position": "Aircraft Maintenance Engineer",
      "summary": "Maintained Boeing 777 aircraft for 6 years.",
      "highlights": [
        "Certified in HKCAD Cat B1"
      ]
    }
  ],
  "skills": [
    {
      "name": "Aviation Engineering",
      "keywords": [
        "Dancer",
        "Systems developer",
        "Prison officer",
        "Archivist",
        "Homeopath",
        "Insurance broker"
      ]
    }
  ],
  "languages": [
    {
      "language": "Uighur"
    }
  ],
  "certificates": [
    {
      "name": "HKCAD Cat B1"
    }
  ]
}