{
  "basics": {
    "name": "Charles Flowers",
    "email": "holmeskimberly@example.org",
    "phone": "+852 4000 8289"
  },
  "work": [
    {
      "company": "West, Costa and Rivera",
      "position": "Aircraft Maintenance Engineer",
      "summary": "Maintained Boeing 777 aircraft for 2 years.",
      "highlights": [
        "Certified in HKCAD Cat B1"
      ]
    }
  ],
  "skills": [
    {
      "name": "Aviation Engineering",
      "keywords": [
        "Conservation officer, nature",
        "Garment/textile technologist",
        "Freight forwarder"
      ]
    }
  ],
  "languages": [
    {
      "language": "Swati"
    },
    {
      "language": "Swedish"
    },
    {
      "language": "Chechen"
    }
  ],
  "certificates": [
    {
      "name": "HKCAD Cat B1"
    }
  ]
}