{
  "basics": {
    "name": "Charles Brown",
    "email": "brandon41@example.org",
    "phone": "+852 6467 6720"
  },
  "work": [
    {
      "company": "Adams, Fields and Gonzales",
      "position": "Aircraft Maintenance Engineer",
      "summary": "Maintained Boeing 777 aircraft for 20 years.",
      "highlights": [
        "Certified in FAA A&P License"
      ]
    }
  ],
  "skills": [
    {
      "name": "Aviation Engineering",
      "keywords": [
        "Nutritional therapist",
        "Food technologist",
        "Catering manager",
        "Forensic scientist"
      ]
    }
  ],
  "languages": [
    {
      "language": "Tsonga"
    },
    {
      "language": "Kanuri"
    }
  ],
  "certificates": [
    {
      "name": "FAA A&P License"
    }
  ]
}