{
  "basics": {
    "name": "Chelsea Oneill",
    "email": "davischristopher@example.org",
    "phone": "+852 2782 1196"
  },
  "work": [
    {
      "company": "Owens-Adams",
      "position": "Aircraft Maintenance Engineer",
      "summary": "Maintained Airbus A350 aircraft for 20 years.",
      "highlights": [
        "Certified in HKCAD Cat B1"
      ]
    }
  ],
  "skills": [
    {
      "name": "Aviation Engineering",
      "keywords": [
        "Chief Executive Officer",
        "Private music teacher",
        "Copy",
        "Solicitor, Scotland",
        "Production engineer",
        "Architectural technologist"
      ]
    }
  ],
  "languages": [
    {
      "language": "Northern Sami"
    },
    {
      "language": "Kalaallisut"
    },
    {
      "language": "Wolof"
    }
  ],
  "certificates": [
    {
      "name": "HKCAD Cat B1"
    }
  ]
}