{
  "basics": {
    "name": "Cheryl Henderson",
    "email": "tiffanyramos@example.net",
    "phone": "+852 6411 1004"
  },
  "work": [
    {
      "company": "Newman, Johnson and Hernandez",
      "position": "Aircraft Maintenance Engineer",
      "summary": "Maintained Boeing 787 aircraft for 8 years.",
      "highlights": [
        "Certified in HKCAD Cat B1"
      ]
    }
  ],
  "skills": [
    {
      "name": "Aviation Engineering",
      "keywords": [
        "Insurance underwriter",
        "Counsellor",
        "Mining engineer",
        "Designer, multimedia",
        "Magazine features editor",
        "Psychotherapist, child"
      ]
    }
  ],
  "languages": [
    {
      "language": "Azerbaijani"
    },
    {
      "language": "Romanian"
    }
  ],
  "certificates": [
    {
      "name": "HKCAD Cat B1"
    }
  ]
}