{
  "basics": {
    "name": "Christina Reed",
    "email": "tonya23@example.net",
    "phone": "+852 2863 3916"
  },
  "work": [
    {
      "company": "Spence, Jones and Cox",
      "position": "Aircraft Maintenance Engineer",
      "summary": "Maintained Airbus A350 aircraft for 4 years.",
      "highlights": [
        "Certified in FAA A&P License"
      ]
    }
  ],
  "skills": [
    {
      "name": "Aviation Engineering",
      "keywords": [
        "Designer, furniture",
        "Barista",
        "Higher education careers adviser",
        "Customer service manager",
        "Therapist, horticultural"
      ]
    }
  ],
  "languages": [
    {
      "language": "Portuguese"
    },
    {
      "language": "Esperanto"
    },
    {
      "language": "Western Frisian"
    }
  ],
  "certificates": [
    {
      "name": "FAA A&P License"
    }
  ]
}