{
  "basics": {
    "name": "Cindy Smith",
    "email": "mitchell95@example.org",
    "phone": "+852 8194 7831"
  },
  "work": [
    {
      "company": "Huber-Blackburn",
      "position": "Aircraft Maintenance Engineer",
      "summary": "Maintained Boeing 777 aircraft for 5 years.",
      "highlights": [
        "Certified in FAA A&P License"
      ]
    }
  ],
  "skills": [
    {
      "name": "Aviation Engineering",
      "keywords": [
        "Sports therapist",
        "Advertising account executive",
        "Ambulance person"
      ]
    }
  ],
  "languages": [
    {
      "language": "Tatar"
    },
    {
      "language": "Limburgan"
    }
  ],
  "certificates": [
    {
      "name": "FAA A&P License"
    }
  ]
}