{
  "basics": {
    "name": "Colleen Foster",
    "email": "jamessmith@example.com",
    "phone": "+852 9110 9579"
  },
  "work": [
    {
      "company": "Tyler-Williams",
      "position": "Aircraft Maintenance Engineer",
      "summary": "Maintained A380 aircraft for 12 years.",
      "highlights": [
        "Certified in HKCAD Cat B1"
      ]
    }
  ],
  "skills": [
    {
      "name": "Aviation Engineering",
      "keywords": [
        "Advice worker",
        "Immunologist",
        "Media buyer",
        "Lexicographer",
        "Runner, broadcasting/film/video"
      ]
    }
  ],
  "languages": [
    {
      "language": "Cornish"
    },
    {
      "language": "Fijian"
    }
  ],
  "certificates": [
    {
      "name": "HKCAD Cat B1"
    }
  ]
}