{
  "basics": {
    "name": "Cory Stevens",
    "email": "brittany78@example.org",
    "phone": "+852 5010 9129"
  },
  "work": [
    {
      "company": "Gillespie-Harrison",
      "position": "Aircraft Maintenance Engineer",
      "summary": "Maintained A330neo aircraft for 16 years.",
      "highlights": [
        "Certified in FAA A&P License"
      ]
    }
  ],
  "skills": [
    {
      "name": "Aviation Engineering",
      "keywords": [
        "Press photographer",
        "Veterinary surgeon",
        "Teacher, early years/pre",
        "Designer, jewellery"
      ]
    }
  ],
  "languages": [
    {
      "language": "Chuvash"
    },
    {
      "language": "Xhosa"
    },
    {
      "language": "Limburgan"
    }
  ],
  "certificates": [
    {
      "name": "FAA A&P License"
    }
  ]
}