{
  "basics": {
    "name": "Dakota Flores",
    "email": "bonnie52@example.net",
    "phone": "+852 7341 2421"
  },
  "work": [
    {
      "company": "Shaffer, Payne and Jones",
      "position": "Aircraft Maintenance Engineer",
      "summary": "Maintained Boeing 777 aircraft for 16 years.",
      "highlights": [
        "Certified in EASA Part-66 License"
      ]
    }
  ],
  "skills": [
    {
      "name": "Aviation Engineering",
      "keywords": [
        "Interior and spatial designer",
        "Adult nurse",
        "Programme researcher, broadcasting/film/video",
        "Geologist, engineering"
      ]
    }
  ],
  "languages": [
    {
      "language": "Tamil"
    },
    {
      "language": "Sundanese"
    },
    {
      "language": "Ndonga"
    }
  ],
  "certificates": [
    {
      "name": "EASA Part-66 License"
    }
  ]
}