{
  "basics": {
    "name": "Dana Rodriguez",
    "email": "bakerjose@example.com",
    "phone": "+852 6347 2699"
  },
  "work": [
    {
      "company": "Wilson, Pena and Evans",
      "position": "Aircraft Maintenance Engineer",
      "summary": "Maintained A380 aircraft for 8 years.",
      "highlights": [
        "Certified in FAA A&P License"
      ]
    }
  ],
  "skills": [
    {
      "name": "Aviation Engineering",
      "keywords": [
        "Hotel manager",
        "Chartered loss adjuster",
        "Food technologist"
      ]
    }
  ],
  "languages": [
    {
      "language": "Irish"
    },
    {
      "language": "Sango"
    }
  ],
  "certificates": [
    {
      "name": "FAA A&P License"
    }
  ]
}