{
  "basics": {
    "name": "Daniel Johnson",
    "email": "laurie45@example.com",
    "phone": "+852 7992 3220"
  },
  "work": [
    {
      "company": "Bird and Sons",
      "position": "Aircraft Maintenance Engineer",
      "summary": "Maintained A330neo aircraft for 4 years.",
      "highlights": [
        "Certified in FAA A&P License"
      ]
    }
  ],
  "skills": [
    {
      "name": "Aviation Engineering",
      "keywords": [
        "Designer, multimedia",
        "Solicitor, Scotland",
        "International aid/development worker",
        "Medical sales representative",
        "Psychologist, educational",
        "Hospital pharmacist"
      ]
    }
  ],
  "languages": [
    {
      "language": "Lingala"
    }
  ],
  "certificates": [
    {
      "name": "FAA A&P License"
    }
  ]
}