{
  "basics": {
    "name": "David Holland",
    "email": "robert46@example.org",
    "phone": "+852 9695 8371"
  },
  "work": [
    {
      "company": "Bishop-Henson",
      "position": "Aircraft Maintenance Engineer",
      "summary": "Maintained Boeing 787 aircraft for 15 years.",
      "highlights": [
        "Certified in EASA Part-66 License"
      ]
    }
  ],
  "skills": [
    {
      "name": "Aviation Engineering",
      "keywords": [
        "Land/geomatics surveyor",
        "Retail merchandiser",
        "Radiographer, diagnostic"
      ]
    }
  ],
  "languages": [
    {
      "language": "Latvian"
    }
  ],
  "certificates": [
    {
      "name": "EASA Part-66 License"
    }
  ]
}