{
  "basics": {
    "name": "David Cole",
    "email": "james71@example.com",
    "phone": "+852 9891 1305"
  },
  "work": [
    {
      "company": "Bates-Schmidt",
      "position": "Aircraft Maintenance Engineer",
      "summary": "Maintained Boeing 787 aircraft for 3 years.",
      "highlights": [
        "Certified in EASA Part-66 License"
      ]
    }
  ],
  "skills": [
    {
      "name": "Aviation Engineering",
      "keywords": [
        "Chief of Staff",
        "Naval architect",
        "Speech and language therapist"
      ]
    }
  ],
  "languages": [
    {
      "language": "Japanese"
    },
    {
      "language": "Marshallese"
    },
    {
      "language": "Lithuanian"
    }
  ],
  "certificates": [
    {
      "name": "EASA Part-66 License"
    }
  ]
}