{
  "basics": {
    "name": "Destiny Dougherty",
    "email": "vnunez@example.net",
    "phone": "+852 1772 4440"
  },
  "work": [
    {
      "company": "Salinas, Spencer and Griffith",
      "position": "Aircraft Maintenance Engineer",
      "summary": "Maintained Boeing 777 aircraft for 11 years.",
      "highlights": [
        "Certified in EASA Part-66 License"
      ]
    }
  ],
  "skills": [
    {
      "name": "Aviation Engineering",
      "keywords": [
        "Geologist, wellsite",
        "Health service manager",
        "Site engineer"
      ]
    }
  ],
  "languages": [
    {
      "language": "Telugu"
    },
    {
      "language": "Cornish"
    },
    {
      "language": "Kanuri"
    }
  ],
  "certificates": [
    {
      "name": "EASA Part-66 License"
    }
  ]
}