{
  "basics": {
    "name": "Diana Prince",
    "email": "jamesmartinez@example.net",
    "phone": "+852 6646 2933"
  },
  "work": [
    {
      "company": "Beck and Sons",
      "position": "Aircraft Maintenance Engineer",
      "summary": "Maintained Boeing 787 aircraft for 2 years.",
      "highlights": [
        "Certified in HKCAD Cat B1"
      ]
    }
  ],
  "skills": [
    {
      "name": "Aviation Engineering",
      "keywords": [
        "Chief Operating Officer",
        "Press sub",
        "Proofreader",
        "Teacher, music",
        "Ecologist",
        "Building control surveyor"
      ]
    }
  ],
  "languages": [
    {
      "language": "Dzongkha"
    }
  ],
  "certificates": [
    {
      "name": "HKCAD Cat B1"
    }
  ]
}