{
  "basics": {
    "name": "Donald Christian",
    "email": "susan78@example.com",
    "phone": "+852 2802 3009"
  },
  "work": [
    {
      "company": "Kim, Duran and Stevens",
      "position": "Aircraft Maintenance Engineer",
      "summary": "Maintained Boeing 787 aircraft for 13 years.",
      "highlights": [
        "Certified in EASA Part-66 License"
      ]
    }
  ],
  "skills": [
    {
      "name": "Aviation Engineering",
      "keywords": [
        "Engineer, automotive",
        "Therapist, horticultural",
        "Research officer, government"
      ]
    }
  ],
  "languages": [
    {
      "language": "Swahili"
    },
    {
      "language": "Tibetan"
    }
  ],
  "certificates": [
    {
      "name": "EASA Part-66 License"
    }
  ]
}