{
  "basics": {
    "name": "Dr. Melissa Mason DDS",
    "email": "hansonbrian@example.org",
    "phone": "+852 5926 4141"
  },
  "work": [
    {
      "company": "Meyer Ltd",
      "position": "Aircraft Maintenance Engineer",
      "summary": "Maintained Boeing 777 aircraft for 9 years.",
      "highlights": [
        "Certified in EASA Part-66 License"
      ]
    }
  ],
  "skills": [
    {
      "name": "Aviation Engineering",
      "keywords": [
        "Logistics and distribution manager",
        "Quarry manager",
        "Immunologist",
        "Animator",
        "Accounting technician",
        "Analytical chemist"
      ]
    }
  ],
  "languages": [
    {
      "language": "Maltese"
    },
    {
      "language": "Sundanese"
    },
    {
      "language": "Swati"
    }
  ],
  "certificates": [
    {
      "name": "EASA Part-66 License"
    }
  ]
}