{
  "basics": {
    "name": "Edward Garcia",
    "email": "ywebb@example.org",
    "phone": "+852 2791 4009"
  },
  "work": [
    {
      "company": "Wallace-Schultz",
      "position": "Aircraft Maintenance Engineer",
      "summary": "Maintained A380 aircraft for 1 years.",
      "highlights": [
        "Certified in FAA A&P License"
      ]
    }
  ],
  "skills": [
    {
      "name": "Aviation Engineering",
      "keywords": [
        "Furniture conservator/restorer",
        "Personal assistant",
        "Database administrator"
      ]
    }
  ],
  "languages": [
    {
      "language": "Yoruba"
    },
    {
      "language": "Arabic"
    }
  ],
  "certificates": [
    {
      "name": "FAA A&P License"
    }
  ]
}