{
  "basics": {
    "name": "Emily Lane",
    "email": "stephenbowers@example.net",
    "phone": "+852 5704 3099"
  },
  "work": [
    {
      "company": "Brown-Ortiz",
      "position": "Aircraft Maintenance Engineer",
      "summary": "Maintained Boeing 777 aircraft for 20 years.",
      "highlights": [
        "Certified in FAA A&P License"
      ]
    }
  ],
  "skills": [
    {
      "name": "Aviation Engineering",
      "keywords": [
        "Call centre manager",
        "Science writer",
        "Writer",
        "Housing manager/officer",
        "Location manager"
      ]
    }
  ],
  "languages": [
    {
      "language": "Tibetan"
    },
    {
      "language": "Panjabi"
    },
    {
      "language": "Lingala"
    }
  ],
  "certificates": [
    {
      "name": "FAA A&P License"
    }
  ]
}