{
  "basics": {
    "name": "Erin Moore",
    "email": "michael47@example.com",
    "phone": "+852 8230 8375"
  },
  "work": [
    {
      "company": "Dillon-Williams",
      "position": "Aircraft Maintenance Engineer",
      "summary": "Maintained Boeing 787 aircraft for 2 years.",
      "highlights": [
        "Certified in FAA A&P License"
      ]
    }
  ],
  "skills": [
    {
      "name": "Aviation Engineering",
      "keywords": [
        "Lexicographer",
        "Patent examiner",
        "Child psychotherapist",
        "General practice doctor",
        "Sales promotion account executive"
      ]
    }
  ],
  "languages": [
    {
      "language": "Bulgarian"
    },
    {
      "language": "Sinhala"
    }
  ],
  "certificates": [
    {
      "name": "FAA A&P License"
    }
  ]
}