{
  "basics": {
    "name": "Glen Wise",
    "email": "colejohn@example.net",
    "phone": "+852 5070 6269"
  },
  "work": [
    {
      "company": "Adams, Colon and Young",
      "position": "Aircraft Maintenance Engineer",
      "summary": "Maintained Boeing 777 aircraft for 16 years.",
      "highlights": [
        "Certified in FAA A&P License"
      ]
    }
  ],
  "skills": [
    {
      "name": "Aviation Engineering",
      "keywords": [
        "Bookseller",
        "Hospital pharmacist",
        "Senior tax professional/tax inspector"
      ]
    }
  ],
  "languages": [
    {
      "language": "Ojibwa"
    },
    {
      "language": "Esperanto"
    }
  ],
  "certificates": [
    {
      "name": "FAA A&P License"
    }
  ]
}