{
  "basics": {
    "name": "Gregory Reeves",
    "email": "joycenelson@example.net",
    "phone": "+852 7056 5485"
  },
  "work": [
    {
      "company": "Flores, Bridges and Curtis",
      "position": "Aircraft Maintenance Engineer",
      "summary": "Maintained A330neo aircraft for 14 years.",
      "highlights": [
        "Certified in FAA A&P License"
      ]
    }
  ],
  "skills": [
    {
      "name": "Aviation Engineering",
      "keywords": [
        "Nurse, learning disability",
        "Magazine features editor",
        "Learning mentor",
        "Water engineer",
        "Medical laboratory scientific officer",
        "Building services engineer"
      ]
    }
  ],
  "languages": [
    {
      "language": "Inupiaq"
    },
    {
      "language": "Igbo"
    },
    {
      "language": "Galician"
    }
  ],
  "certificates": [
    {
      "name": "FAA A&P License"
    }
  ]
}