{
  "basics": {
    "name": "Haley Dunlap",
    "email": "molly52@example.com",
    "phone": "+852 1022 2864"
  },
  "work": [
    {
      "company": "Hoffman, Beard and Parker",
      "position": "Aircraft Maintenance Engineer",
      "summary": "Maintained A380 aircraft for 18 years.",
      "highlights": [
        "Certified in EASA Part-66 License"
      ]
    }
  ],
  "skills": [
    {
      "name": "Aviation Engineering",
      "keywords": [
        "Event organiser",
        "Automotive engineer",
        "Insurance underwriter",
        "Horticultural consultant",
        "Theatre director"
      ]
    }
  ],
  "languages": [
    {
      "language": "Sotho, Southern"
    },
    {
      "language": "Manx"
    },
    {
      "language": "Cree"
    }
  ],
  "certificates": [
    {
      "name": "EASA Part-66 License"
    }
  ]
}