{
  "basics": {
    "name": "Ian Guerrero",
    "email": "tmoore@example.net",
    "phone": "+852 2147 4443"
  },
  "work": [
    {
      "company": "Keller Ltd",
      "position": "Aircraft Maintenance Engineer",
      "summary": "Maintained Boeing 787 aircraft for 8 years.",
      "highlights": [
        "Certified in EASA Part-66 License"
      ]
    }
  ],
  "skills": [
    {
      "name": "Aviation Engineering",
      "keywords": [
        "Statistician",
        "Records manager",
        "Health and safety inspector"
      ]
    }
  ],
  "languages": [
    {
      "language": "Bengali"
    }
  ],
  "certificates": [
    {
      "name": "EASA Part-66 License"
    }
  ]
}