{
  "basics": {
    "name": "Ivan Garcia",
    "email": "cheryl82@example.org",
    "phone": "+852 3545 1036"
  },
  "work": [
    {
      "company": "Butler-Turner",
      "position": "Aircraft Maintenance Engineer",
      "summary": "Maintained A330neo aircraft for 9 years.",
      "highlights": [
        "Certified in HKCAD Cat B1"
      ]
    }
  ],
  "skills": [
    {
      "name": "Aviation Engineering",
      "keywords": [
        "Civil Service administrator",
        "Designer, fashion/clothing",
        "Clinical scientist, histocompatibility and immunogenetics",
        "Education officer, museum",
        "Sports coach"
      ]
    }
  ],
  "languages": [
    {
      "language": "Tagalog"
    }
  ],
  "certificates": [
    {
      "name": "HKCAD Cat B1"
    }
  ]
}