{
  "basics": {
    "name": "Jacqueline Rogers",
    "email": "garciacollin@example.org",
    "phone": "+852 4764 8165"
  },
  "work": [
    {
      "company": "Goodwin and Sons",
      "position": "Aircraft Maintenance Engineer",
      "summary": "Maintained Airbus A350 aircraft for 5 years.",
      "highlights": [
        "Certified in EASA Part-66 License"
      ]
    }
  ],
  "skills": [
    {
      "name": "Aviation Engineering",
      "keywords": [
        "Consulting civil engineer",
        "Buyer, retail",
        "Solicitor"
      ]
    }
  ],
  "languages": [
    {
      "language": "Tonga"
    }
  ],
  "certificates": [
    {
      "name": "EASA Part-66 License"
    }
  ]
}