{
  "basics": {
    "name": "James Shah",
    "email": "smartinez@example.net",
    "phone": "+852 1108 2593"
  },
  "work": [
    {
      "company": "Jones and Sons",
      "position": "Aircraft Maintenance Engineer",
      "summary": "Maintained Airbus A350 aircraft for 17 years.",
      "highlights": [
        "Certified in FAA A&P License"
      ]
    }
  ],
  "skills": [
    {
      "name": "Aviation Engineering",
      "keywords": [
        "Volunteer coordinator",
        "Equities trader",
        "Energy engineer",
        "Engineer, maintenance (IT)",
        "Psychiatrist"
      ]
    }
  ],
  "languages": [
    {
      "language": "Xhosa"
    }
  ],
  "certificates": [
    {
      "name": "FAA A&P License"
    }
  ]
}