{
  "basics": {
    "name": "Jeffrey Wiley",
    "email": "darlene45@example.org",
    "phone": "+852 5009 3253"
  },
  "work": [
    {
      "company": "Hanson Ltd",
      "position": "Aircraft Maintenance Engineer",
      "summary": "Maintained Boeing 777 aircraft for 16 years.",
      "highlights": [
        "Certified in FAA A&P License"
      ]
    }
  ],
  "skills": [
    {
      "name": "Aviation Engineering",
      "keywords": [
        "Jewellery designer",
        "Farm manager",
        "Speech and language therapist",
        "Town planner"
      ]
    }
  ],
  "languages": [
    {
      "language": "Thai"
    }
  ],
  "certificates": [
    {
      "name": "FAA A&P License"
    }
  ]
}