{
  "basics": {
    "name": "Jeffrey James",
    "email": "wrightstephen@example.com",
    "phone": "+852 5005 8282"
  },
  "work": [
    {
      "company": "Matthews, Anderson and Lamb",
      "position": "Aircraft Maintenance Engineer",
      "summary": "Maintained A380 aircraft for 15 years.",
      "highlights": [
        "Certified in HKCAD Cat B1"
      ]
    }
  ],
  "skills": [
    {
      "name": "Aviation Engineering",
      "keywords": [
        "Local government officer",
        "Location manager",
        "Scientist, clinical (histocompatibility and immunogenetics)"
      ]
    }
  ],
  "languages": [
    {
      "language": "Kongo"
    },
    {
      "language": "Quechua"
    },
    {
      "language": "Aragonese"
    }
  ],
  "certificates": [
    {
      "name": "HKCAD Cat B1"
    }
  ]
}