{
  "basics": {
    "name": "Jennifer Clarke",
    "email": "zachary12@example.net",
    "phone": "+852 3335 3204"
  },
  "work": [
    {
      "company": "White-Obrien",
      "position": "Aircraft Maintenance Engineer",
      "summary": "Maintained A330neo aircraft for 12 years.",
      "highlights": [
        "Certified in FAA A&P License"
      ]
    }
  ],
  "skills": [
    {
      "name": "Aviation Engineering",
      "keywords": [
        "Sports therapist",
        "Learning disability nurse",
        "Local government officer",
        "Agricultural consultant",
        "Orthoptist"
      ]
    }
  ],
  "languages": [
    {
      "language": "Gujarati"
    },
    {
      "language": "Dutch"
    }
  ],
  "certificates": [
    {
      "name": "FAA A&P License"
    }
  ]
}