{
  "basics": {
    "name": "Jeremy Carroll",
    "email": "barbaraguzman@example.org",
    "phone": "+852 6131 7892"
  },
  "work": [
    {
      "company": "Rose LLC",
      "position": "Aircraft Maintenance Engineer",
      "summary": "Maintained Airbus A350 aircraft for 10 years.",
      "highlights": [
        "Certified in HKCAD Cat B1"
      ]
    }
  ],
  "skills": [
    {
      "name": "Aviation Engineering",
      "keywords": [
        "Research officer, political party",
        "Energy manager",
        "Accounting technician",
        "Astronomer",
        "Biomedical scientist",
        "Editor, magazine features"
      ]
    }
  ],
  "languages": [
    {
      "language": "Sotho, Southern"
    }
  ],
  "certificates": [
    {
      "name": "HKCAD Cat B1"
    }
  ]
}