{
  "basics": {
    "name": "Jessica Brown",
    "email": "melinda96@example.com",
    "phone": "+852 1867 6539"
  },
  "work": [
    {
      "company": "Thomas LLC",
      "position": "Aircraft Maintenance Engineer",
      "summary": "Maintained Boeing 777 aircraft for 6 years.",
      "highlights": [
        "Certified in EASA Part-66 License"
      ]
    }
  ],
  "skills": [
    {
      "name": "Aviation Engineering",
      "keywords": [
        "Customer service manager",
        "Retail banker",
        "Actor"
      ]
    }
  ],
  "languages": [
    {
      "language": "Kinyarwanda"
    },
    {
      "language": "Malayalam"
    },
    {
      "language": "Dutch"
    }
  ],
  "certificates": [
    {
      "name": "EASA Part-66 License"
    }
  ]
}