{
  "basics": {
    "name": "Jessica Chen",
    "email": "ajones@example.net",
    "phone": "+852 2659 9437"
  },
  "work": [
    {
      "company": "Miller-Jones",
      "position": "Aircraft Maintenance Engineer",
      "summary": "Maintained A330neo aircraft for 8 years.",
      "highlights": [
        "Certified in EASA Part-66 License"
      ]
    }
  ],
  "skills": [
    {
      "name": "Aviation Engineering",
      "keywords": [
        "Engineer, water",
        "Designer, exhibition/display",
        "Automotive engineer",
        "Armed forces technical officer",
        "Visual merchandiser",
        "Special effects artist"
      ]
    }
  ],
  "languages": [
    {
      "language": "Persian"
    },
    {
      "language": "Tibetan"
    }
  ],
  "certificates": [
    {
      "name": "EASA Part-66 License"
    }
  ]
}