{
  "basics": {
    "name": "Jocelyn Rios",
    "email": "jacksonbrian@example.net",
    "phone": "+852 4099 7268"
  },
  "work": [
    {
      "company": "Little-Johnson",
      "position": "Aircraft Maintenance Engineer",
      "summary": "Maintained A330neo aircraft for 11 years.",
      "highlights": [
        "Certified in EASA Part-66 License"
      ]
    }
  ],
  "skills": [
    {
      "name": "Aviation Engineering",
      "keywords": [
        "Politician's assistant",
        "Facilities manager",
        "Statistician",
        "Facilities manager"
      ]
    }
  ],
  "languages": [
    {
      "language": "Assamese"
    },
    {
      "language": "Kazakh"
    }
  ],
  "certificates": [
    {
      "name": "EASA Part-66 License"
    }
  ]
}