{
  "basics": {
    "name": "Jonathan Jimenez",
    "email": "nhansen@example.org",
    "phone": "+852 5334 3211"
  },
  "work": [
    {
      "company": "Webb-Stephens",
      "position": "Aircraft Maintenance Engineer",
      "summary": "Maintained Airbus A350 aircraft for 14 years.",
      "highlights": [
        "Certified in FAA A&P License"
      ]
    }
  ],
  "skills": [
    {
      "name": "Aviation Engineering",
      "keywords": [
        "Insurance risk surveyor",
        "Freight forwarder",
        "Designer, blown glass/stained glass",
        "Engineer, civil (consulting)"
      ]
    }
  ],
  "languages": [
    {
      "language": "Tahitian"
    },
    {
      "language": "Fulah"
    },
    {
      "language": "Kurdish"
    }
  ],
  "certificates": [
    {
      "name": "FAA A&P License"
    }
  ]
}