{
  "basics": {
    "name": "Joshua Blevins",
    "email": "moorebarry@example.net",
    "phone": "+852 2877 7618"
  },
  "work": [
    {
      "company": "Lane and Sons",
      "position": "Aircraft Maintenance Engineer",
      "summary": "Maintained Boeing 777 aircraft for 16 years.",
      "highlights": [
        "Certified in FAA A&P License"
      ]
    }
  ],
  "skills": [
    {
      "name": "Aviation Engineering",
      "keywords": [
        "Research officer, trade union",
        "Logistics and distribution manager",
        "Production engineer",
        "Psychologist, forensic",
        "Chiropractor",
        "Hydrographic surveyor"
      ]
    }
  ],
  "languages": [
    {
      "language": "Navajo"
    },
    {
      "language": "Estonian"
    },
    {
      "language": "Kirghiz"
    }
  ],
  "certificates": [
    {
      "name": "FAA A&P License"
    }
  ]
}