{
  "basics": {
    "name": "Joshua Baker",
    "email": "jwalker@example.org",
    "phone": "+852 4322 2233"
  },
  "work": [
    {
      "company": "Estes Group",
      "position": "Aircraft Maintenance Engineer",
      "summary": "Maintained Airbus A350 aircraft for 18 years.",
      "highlights": [
        "Certified in EASA Part-66 License"
      ]
    }
  ],
  "skills": [
    {
      "name": "Aviation Engineering",
      "keywords": [
        "Psychologist, educational",
        "Surveyor, land/geomatics",
        "Forest/woodland manager"
      ]
    }
  ],
  "languages": [
    {
      "language": "Panjabi"
    },
    {
      "language": "Irish"
    },
    {
      "language": "Yiddish"
    }
  ],
  "certificates": [
    {
      "name": "EASA Part-66 License"
    }
  ]
}