{
  "basics": {
    "name": "Justin Phelps",
    "email": "hcook@example.org",
    "phone": "+852 7245 9626"
  },
  "work": [
    {
      "company": "Leon PLC",
      "position": "Aircraft Maintenance Engineer",
      "summary": "Maintained Airbus A350 aircraft for 10 years.",
      "highlights": [
        "Certified in EASA Part-66 License"
      ]
    }
  ],
  "skills": [
    {
      "name": "Aviation Engineering",
      "keywords": [
        "Medical secretary",
        "Scientist, product/process development",
        "Geologist, engineering",
        "Geochemist",
        "Graphic designer",
        "Psychologist, educational"
      ]
    }
  ],
  "languages": [
    {
      "language": "Bengali"
    },
    {
      "language": "Sichuan Yi"
    },
    {
      "language": "Georgian"
    }
  ],
  "certificates": [
    {
      "name": "EASA Part-66 License"
    }
  ]
}