{
  "basics": {
    "name": "Keith Allen",
    "email": "angeladavis@example.net",
    "phone": "+852 5705 6072"
  },
  "work": [
    {
      "company": "Johnson, Townsend and Hendrix",
      "position": "Aircraft Maintenance Engineer",
      "summary": "Maintained Boeing 787 aircraft for 5 years.",
      "highlights": [
        "Certified in FAA A&P License"
      ]
    }
  ],
  "skills": [
    {
      "name": "Aviation Engineering",
      "keywords": [
        "Pharmacist, hospital",
        "Government social research officer",
        "Ship broker",
        "Automotive engineer"
      ]
    }
  ],
  "languages": [
    {
      "language": "Faroese"
    },
    {
      "language": "Haitian"
    }
  ],
  "certificates": [
    {
      "name": "FAA A&P License"
    }
  ]
}