{
  "basics": {
    "name": "Kelly Cruz",
    "email": "lindaponce@example.com",
    "phone": "+852 6911 9924"
  },
  "work": [
    {
      "company": "Woodward-Herrera",
      "position": "Aircraft Maintenance Engineer",
      "summary": "Maintained Airbus A350 aircraft for 13 years.",
      "highlights": [
        "Certified in HKCAD Cat B1"
      ]
    }
  ],
  "skills": [
    {
      "name": "Aviation Engineering",
      "keywords": [
        "Engineer, manufacturing systems",
        "Soil scientist",
        "Applications developer",
        "Doctor, hospital",
        "Geoscientist"
      ]
    }
  ],
  "languages": [
    {
      "language": "Kazakh"
    },
    {
      "language": "Afar"
    }
  ],
  "certificates": [
    {
      "name": "HKCAD Cat B1"
    }
  ]
}