{
  "basics": {
    "name": "Kenneth Wood",
    "email": "ashley88@example.com",
    "phone": "+852 4259 2996"
  },
  "work": [
    {
      "company": "Jones, Cole and Frazier",
      "position": "Aircraft Maintenance Engineer",
      "summary": "Maintained Boeing 777 aircraft for 1 years.",
      "highlights": [
        "Certified in EASA Part-66 License"
      ]
    }
  ],
  "skills": [
    {
      "name": "Aviation Engineering",
      "keywords": [
        "Production assistant, television",
        "Public librarian",
        "Museum/gallery conservator"
      ]
    }
  ],
  "languages": [
    {
      "language": "Pali"
    },
    {
      "language": "Icelandic"
    },
    {
      "language": "Venda"
    }
  ],
  "certificates": [
    {
      "name": "EASA Part-66 License"
    }
  ]
}