{
  "basics": {
    "name": "Kyle Hall",
    "email": "erika14@example.com",
    "phone": "+852 8559 9962"
  },
  "work": [
    {
      "company": "Dixon, Davis and Weeks",
      "position": "Aircraft Maintenance Engineer",
      "summary": "Maintained Airbus A350 aircraft for 10 years.",
      "highlights": [
        "Certified in HKCAD Cat B1"
      ]
    }
  ],
  "skills": [
    {
      "name": "Aviation Engineering",
      "keywords": [
        "Doctor, hospital",
        "Personnel officer",
        "Purchasing manager",
        "Microbiologist",
        "Civil engineer, consulting"
      ]
    }
  ],
  "languages": [
    {
      "language": "Bengali"
    },
    {
      "language": "Venda"
    }
  ],
  "certificates": [
    {
      "name": "HKCAD Cat B1"
    }
  ]
}