{
  "basics": {
    "name": "Laura Jimenez MD",
    "email": "susan58@example.com",
    "phone": "+852 1900 3834"
  },
  "work": [
    {
      "company": "Sullivan-Sharp",
      "position": "Aircraft Maintenance Engineer",
      "summary": "Maintained A380 aircraft for 10 years.",
      "highlights": [
        "Certified in FAA A&P License"
      ]
    }
  ],
  "skills": [
    {
      "name": "Aviation Engineering",
      "keywords": [
        "Architectural technologist",
        "Amenity horticulturist",
        "Location manager",
        "Hydrographic surveyor",
        "Magazine journalist"
      ]
    }
  ],
  "languages": [
    {
      "language": "Kazakh"
    },
    {
      "language": "Cree"
    }
  ],
  "certificates": [
    {
      "name": "FAA A&P License"
    }
  ]
}