{
  "basics": {
    "name": "Laura Petersen",
    "email": "wattstaylor@example.org",
    "phone": "+852 7477 2429"
  },
  "work": [
    {
      "company": "Chen LLC",
      "position": "Aircraft Maintenance Engineer",
      "summary": "Maintained A330neo aircraft for 7 years.",
      "highlights": [
        "Certified in EASA Part-66 License"
      ]
    }
  ],
  "skills": [
    {
      "name": "Aviation Engineering",
      "keywords": [
        "Agricultural engineer",
        "Marketing executive",
        "Health physicist",
        "Pharmacologist"
      ]
    }
  ],
  "languages": [
    {
      "language": "Tswana"
    }
  ],
  "certificates": [
    {
      "name": "EASA Part-66 License"
    }
  ]
}