{
  "basics": {
    "name": "Lisa Avery",
    "email": "gonzalezbethany@example.org",
    "phone": "+852 9462 1072"
  },
  "work": [
    {
      "company": "Jordan-Daniel",
      "position": "Aircraft Maintenance Engineer",
      "summary": "Maintained Boeing 787 aircraft for 13 years.",
      "highlights": [
        "Certified in FAA A&P License"
      ]
    }
  ],
  "skills": [
    {
      "name": "Aviation Engineering",
      "keywords": [
        "Technical sales engineer",
        "Education administrator",
        "Interpreter",
        "Education officer, museum"
      ]
    }
  ],
  "languages": [
    {
      "language": "Somali"
    },
    {
      "language": "Chuvash"
    }
  ],
  "certificates": [
    {
      "name": "FAA A&P License"
    }
  ]
}