{
  "basics": {
    "name": "Madison Reed",
    "email": "brittany53@example.net",
    "phone": "+852 8425 6609"
  },
  "work": [
    {
      "company": "Scott Ltd",
      "position": "Aircraft Maintenance Engineer",
      "summary": "Maintained Boeing 787 aircraft for 18 years.",
      "highlights": [
        "Certified in HKCAD Cat B1"
      ]
    }
  ],
  "skills": [
    {
      "name": "Aviation Engineering",
      "keywords": [
        "Barrister's clerk",
        "Psychiatrist",
        "IT consultant",
        "Equities trader",
        "Therapist, speech and language",
        "Hydrogeologist"
      ]
    }
  ],
  "languages": [
    {
      "language": "Northern Sami"
    }
  ],
  "certificates": [
    {
      "name": "HKCAD Cat B1"
    }
  ]
}