{
  "basics": {
    "name": "Marie Morgan",
    "email": "michelejames@example.net",
    "phone": "+852 3492 6747"
  },
  "work": [
    {
      "company": "Daniels-Butler",
      "position": "Aircraft Maintenance Engineer",
      "summary": "Maintained Boeing 777 aircraft for 16 years.",
      "highlights": [
        "Certified in FAA A&P License"
      ]
    }
  ],
  "skills": [
    {
      "name": "Aviation Engineering",
      "keywords": [
        "Therapist, music",
        "Horticulturist, amenity",
        "Chiropodist",
        "Systems analyst",
        "Field seismologist",
        "Dispensing optician"
      ]
    }
  ],
  "languages": [
    {
      "language": "Bislama"
    },
    {
      "language": "Latin"
    }
  ],
  "certificates": [
    {
      "name": "FAA A&P License"
    }
  ]
}