{
  "basics": {
    "name": "Mark Anderson",
    "email": "ericdavis@example.org",
    "phone": "+852 1726 5075"
  },
  "work": [
    {
      "company": "Smith-Chandler",
      "position": "Aircraft Maintenance Engineer",
      "summary": "Maintained Airbus A350 aircraft for 7 years.",
      "highlights": [
        "Certified in FAA A&P License"
      ]
    }
  ],
  "skills": [
    {
      "name": "Aviation Engineering",
      "keywords": [
        "Copy",
        "Designer, textile",
        "Teacher, special educational needs",
        "Adult nurse",
        "Surveyor, mining",
        "Doctor, general practice"
      ]
    }
  ],
  "languages": [
    {
      "language": "Yoruba"
    },
    {
      "language": "Marshallese"
    }
  ],
  "certificates": [
    {
      "name": "FAA A&P License"
    }
  ]
}