{
  "basics": {
    "name": "Mary Watson",
    "email": "olsonmary@example.net",
    "phone": "+852 9272 2902"
  },
  "work": [
    {
      "company": "Santiago-Walsh",
      "position": "Aircraft Maintenance Engineer",
      "summary": "Maintained A330neo aircraft for 15 years.",
      "highlights": [
        "Certified in EASA Part-66 License"
      ]
    }
  ],
  "skills": [
    {
      "name": "Aviation Engineering",
      "keywords": [
        "Software engineer",
        "Psychiatric nurse",
        "Outdoor activities/education manager",
        "Engineer, energy",
        "Counselling psychologist"
      ]
    }
  ],
  "languages": [
    {
      "language": "Turkish"
    }
  ],
  "certificates": [
    {
      "name": "EASA Part-66 License"
    }
  ]
}