{
  "basics": {
    "name": "Megan King",
    "email": "ncollins@example.net",
    "phone": "+852 8609 5961"
  },
  "work": [
    {
      "company": "Smith-Young",
      "position": "Aircraft Maintenance Engineer",
      "summary": "Maintained A380 aircraft for 4 years.",
      "highlights": [
        "Certified in EASA Part-66 License"
      ]
    }
  ],
  "skills": [
    {
      "name": "Aviation Engineering",
      "keywords": [
        "Industrial buyer",
        "Licensed conveyancer",
        "Private music teacher",
        "Exercise physiologist"
      ]
    }
  ],
  "languages": [
    {
      "language": "Hindi"
    }
  ],
  "certificates": [
    {
      "name": "EASA Part-66 License"
    }
  ]
}