{
  "basics": {
    "name": "Michelle Williams",
    "email": "sjackson@example.org",
    "phone": "+852 4269 8052"
  },
  "work": [
    {
      "company": "Hodges-Davis",
      "position": "Aircraft Maintenance Engineer",
      "summary": "Maintained A330neo aircraft for 15 years.",
      "highlights": [
        "Certified in HKCAD Cat B1"
      ]
    }
  ],
  "skills": [
    {
      "name": "Aviation Engineering",
      "keywords": [
        "Chartered certified accountant",
        "Wellsite geologist",
        "Television production assistant"
      ]
    }
  ],
  "languages": [
    {
      "language": "Norwegian"
    }
  ],
  "certificates": [
    {
      "name": "HKCAD Cat B1"
    }
  ]
}