{
  "basics": {
    "name": "Michele Johnson",
    "email": "hoffmancindy@example.org",
    "phone": "+852 9460 4113"
  },
  "work": [
    {
      "company": "Donaldson-Hale",
      "position": "Aircraft Maintenance Engineer",
      "summary": "Maintained Boeing 777 aircraft for 6 years.",
      "highlights": [
        "Certified in FAA A&P License"
      ]
    }
  ],
  "skills": [
    {
      "name": "Aviation Engineering",
      "keywords": [
        "Equality and diversity officer",
        "Product designer",
        "Surveyor, hydrographic",
        "Marine scientist"
      ]
    }
  ],
  "languages": [
    {
      "language": "Nauru"
    },
    {
      "language": "Avaric"
    },
    {
      "language": "Avaric"
    }
  ],
  "certificates": [
    {
      "name": "FAA A&P License"
    }
  ]
}