{
  "basics": {
    "name": "Michelle Miller",
    "email": "iortiz@example.com",
    "phone": "+852 4225 2953"
  },
  "work": [
    {
      "company": "Brown-Thompson",
      "position": "Aircraft Maintenance Engineer",
      "summary": "Maintained Boeing 777 aircraft for 17 years.",
      "highlights": [
        "Certified in FAA A&P License"
      ]
    }
  ],
  "skills": [
    {
      "name": "Aviation Engineering",
      "keywords": [
        "Curator",
        "Teacher, English as a foreign language",
        "Occupational hygienist"
      ]
    }
  ],
  "languages": [
    {
      "language": "Abkhazian"
    },
    {
      "language": "Vietnamese"
    }
  ],
  "certificates": [
    {
      "name": "FAA A&P License"
    }
  ]
}