{
  "basics": {
    "name": "Michael Shaw",
    "email": "patrickbates@example.net",
    "phone": "+852 3971 9945"
  },
  "work": [
    {
      "company": "Malone, Ruiz and English",
      "position": "Aircraft Maintenance Engineer",
      "summary": "Maintained A380 aircraft for 1 years.",
      "highlights": [
        "Certified in EASA Part-66 License"
      ]
    }
  ],
  "skills": [
    {
      "name": "Aviation Engineering",
      "keywords": [
        "Merchant navy officer",
        "Environmental education officer",
        "Human resources officer",
        "Child psychotherapist",
        "Theatre director",
        "Diplomatic Services operational officer"
      ]
    }
  ],
  "languages": [
    {
      "language": "Malayalam"
    }
  ],
  "certificates": [
    {
      "name": "EASA Part-66 License"
    }
  ]
}