{
  "basics": {
    "name": "Michael Nelson",
    "email": "ethan97@example.net",
    "phone": "+852 2530 4534"
  },
  "work": [
    {
      "company": "Fisher Ltd",
      "position": "Aircraft Maintenance Engineer",
      "summary": "Maintained A330neo aircraft for 11 years.",
      "highlights": [
        "Certified in FAA A&P License"
      ]
    }
  ],
  "skills": [
    {
      "name": "Aviation Engineering",
      "keywords": [
        "Mechanical engineer",
        "Catering manager",
        "Programmer, systems",
        "Librarian, public",
        "Heritage manager"
      ]
    }
  ],
  "languages": [
    {
      "language": "Basque"
    },
    {
      "language": "Navajo"
    }
  ],
  "certificates": [
    {
      "name": "FAA A&P License"
    }
  ]
}