{
  "basics": {
    "name": "Miss Nancy Floyd",
    "email": "vwright@example.org",
    "phone": "+852 4064 6967"
  },
  "work": [
    {
      "company": "Williamson Ltd",
      "position": "Aircraft Maintenance Engineer",
      "summary": "Maintained Boeing 787 aircraft for 4 years.",
      "highlights": [
        "Certified in HKCAD Cat B1"
      ]
    }
  ],
  "skills": [
    {
      "name": "Aviation Engineering",
      "keywords": [
        "Armed forces training and education officer",
        "Designer, exhibition/display",
        "Barrister",
        "Patent attorney",
        "Operations geologist"
      ]
    }
  ],
  "languages": [
    {
      "language": "Tamil"
    },
    {
      "language": "Arabic"
    }
  ],
  "certificates": [
    {
      "name": "HKCAD Cat B1"
    }
  ]
}