{
  "basics": {
    "name": "Mr. James Morgan",
    "email": "angelawilliams@example.net",
    "phone": "+852 4401 9906"
  },
  "work": [
    {
      "company": "Conway-Molina",
      "position": "Aircraft Maintenance Engineer",
      "summary": "Maintained A380 aircraft for 16 years.",
      "highlights": [
        "Certified in EASA Part-66 License"
      ]
    }
  ],
  "skills": [
    {
      "name": "Aviation Engineering",
      "keywords": [
        "Therapist, nutritional",
        "Investment banker, operational",
        "Designer, exhibition/display"
      ]
    }
  ],
  "languages": [
    {
      "language": "Bashkir"
    },
    {
      "language": "Sindhi"
    },
    {
      "language": "Bengali"
    }
  ],
  "certificates": [
    {
      "name": "EASA Part-66 License"
    }
  ]
}