{
  "basics": {
    "name": "Mr. Kyle Wilcox",
    "email": "sheila46@example.net",
    "phone": "+852 4479 5465"
  },
  "work": [
    {
      "company": "Gutierrez, Todd and Stafford",
      "position": "Aircraft Maintenance Engineer",
      "summary": "Maintained A330neo aircraft for 13 years.",
      "highlights": [
        "Certified in EASA Part-66 License"
      ]
    }
  ],
  "skills": [
    {
      "name": "Aviation Engineering",
      "keywords": [
        "Haematologist",
        "Research officer, political party",
        "Dietitian",
        "Primary school teacher",
        "Production assistant, radio",
        "Psychotherapist"
      ]
    }
  ],
  "languages": [
    {
      "language": "Esperanto"
    },
    {
      "language": "Swati"
    }
  ],
  "certificates": [
    {
      "name": "EASA Part-66 License"
    }
  ]
}