{
  "basics": {
    "name": "Mrs. Susan Harding MD",
    "email": "david34@example.org",
    "phone": "+852 4877 2478"
  },
  "work": [
    {
      "company": "Terry-Gregory",
      "position": "Aircraft Maintenance Engineer",
      "summary": "Maintained A330neo aircraft for 18 years.",
      "highlights": [
        "Certified in FAA A&P License"
      ]
    }
  ],
  "skills": [
    {
      "name": "Aviation Engineering",
      "keywords": [
        "Restaurant manager, fast food",
        "Buyer, retail",
        "Museum/gallery exhibitions officer",
        "Nurse, adult",
        "Administrator",
        "Copy"
      ]
    }
  ],
  "languages": [
    {
      "language": "Spanish"
    },
    {
      "language": "North Ndebele"
    },
    {
      "language": "Marshallese"
    }
  ],
  "certificates": [
    {
      "name": "FAA A&P License"
    }
  ]
}