{
  "basics": {
    "name": "Mrs. Megan Lopez",
    "email": "singletonheidi@example.net",
    "phone": "+852 9361 7491"
  },
  "work": [
    {
      "company": "Ramirez and Sons",
      "position": "Aircraft Maintenance Engineer",
      "summary": "Maintained Airbus A350 aircraft for 6 years.",
      "highlights": [
        "Certified in HKCAD Cat B1"
      ]
    }
  ],
  "skills": [
    {
      "name": "Aviation Engineering",
      "keywords": [
        "Civil engineer, contracting",
        "Designer, furniture",
        "Youth worker",
        "Art gallery manager",
        "Games developer"
      ]
    }
  ],
  "languages": [
    {
      "language": "Luxembourgish"
    },
    {
      "language": "Kashmiri"
    },
    {
      "language": "Corsican"
    }
  ],
  "certificates": [
    {
      "name": "HKCAD Cat B1"
    }
  ]
}