{
  "basics": {
    "name": "Mrs. Erika Hoffman",
    "email": "qrodriguez@example.net",
    "phone": "+852 1738 3965"
  },
  "work": [
    {
      "company": "Howell-Clark",
      "position": "Aircraft Maintenance Engineer",
      "summary": "Maintained Boeing 787 aircraft for 6 years.",
      "highlights": [
        "Certified in EASA Part-66 License"
      ]
    }
  ],
  "skills": [
    {
      "name": "Aviation Engineering",
      "keywords": [
        "Government social research officer",
        "Proofreader",
        "Therapist, horticultural",
        "Broadcast presenter"
      ]
    }
  ],
  "languages": [
    {
      "language": "Manx"
    },
    {
      "language": "Thai"
    },
    {
      "language": "Tajik"
    }
  ],
  "certificates": [
    {
      "name": "EASA Part-66 License"
    }
  ]
}