{
  "basics": {
    "name": "Natalie Vega",
    "email": "weaverdaniel@example.com",
    "phone": "+852 1616 3507"
  },
  "work": [
    {
      "company": "Davidson, Nelson and Todd",
      "position": "Aircraft Maintenance Engineer",
      "summary": "Maintained Boeing 777 aircraft for 3 years.",
      "highlights": [
        "Certified in FAA A&P License"
      ]
    }
  ],
  "skills": [
    {
      "name": "Aviation Engineering",
      "keywords": [
        "Water quality scientist",
        "Podiatrist",
        "Embryologist, clinical",
        "Multimedia programmer",
        "Investment banker, operational",
        "Chief Strategy Officer"
      ]
    }
  ],
  "languages": [
    {
      "language": "Kirghiz"
    }
  ],
  "certificates": [
    {
      "name": "FAA A&P License"
    }
  ]
}