{
  "basics": {
    "name": "Neil Perry",
    "email": "mflores@example.net",
    "phone": "+852 6604 9682"
  },
  "work": [
    {
      "company": "Nelson-Cook",
      "position": "Aircraft Maintenance Engineer",
      "summary": "Maintained Boeing 787 aircraft for 2 years.",
      "highlights": [
        "Certified in FAA A&P License"
      ]
    }
  ],
  "skills": [
    {
      "name": "Aviation Engineering",
      "keywords": [
        "Education officer, museum",
        "Senior tax professional/tax inspector",
        "Surveyor, planning and development",
        "Magazine features editor",
        "Research officer, political party",
        "Therapist, occupational"
      ]
    }
  ],
  "languages": [
    {
      "language": "Inuktitut"
    },
    {
      "language": "Sotho, Southern"
    }
  ],
  "certificates": [
    {
      "name": "FAA A&P License"
    }
  ]
}