{
  "basics": {
    "name": "Patrick Flores",
    "email": "sarahfrazier@example.net",
    "phone": "+852 9456 6568"
  },
  "work": [
    {
      "company": "Henderson, Bell and Mitchell",
      "position": "Aircraft Maintenance Engineer",
      "summary": "Maintained Boeing 777 aircraft for 17 years.",
      "highlights": [
        "Certified in HKCAD Cat B1"
      ]
    }
  ],
  "skills": [
    {
      "name": "Aviation Engineering",
      "keywords": [
        "Comptroller",
        "TEFL teacher",
        "Armed forces logistics/support/administrative officer",
        "Librarian, public"
      ]
    }
  ],
  "languages": [
    {
      "language": "Welsh"
    },
    {
      "language": "Central Khmer"
    },
    {
      "language": "Komi"
    }
  ],
  "certificates": [
    {
      "name": "HKCAD Cat B1"
    }
  ]
}