{
  "basics": {
    "name": "Paul Williams",
    "email": "angelanelson@example.net",
    "phone": "+852 7155 2412"
  },
  "work": [
    {
      "company": "Ruiz-Robertson",
      "position": "Aircraft Maintenance Engineer",
      "summary": "Maintained A380 aircraft for 4 years.",
      "highlights": [
        "Certified in FAA A&P License"
      ]
    }
  ],
  "skills": [
    {
      "name": "Aviation Engineering",
      "keywords": [
        "Financial trader",
        "Optometrist",
        "Broadcast journalist",
        "Education officer, environmental",
        "Sound technician, broadcasting/film/video",
        "Energy manager"
      ]
    }
  ],
  "languages": [
    {
      "language": "Irish"
    },
    {
      "language": "Venda"
    },
    {
      "language": "Macedonian"
    }
  ],
  "certificates": [
    {
      "name": "FAA A&P License"
    }
  ]
}