{
  "basics": {
    "name": "Randy Bowman",
    "email": "nwest@example.net",
    "phone": "+852 3715 1556"
  },
  "work": [
    {
      "company": "Edwards, Dillon and Friedman",
      "position": "Aircraft Maintenance Engineer",
      "summary": "Maintained A330neo aircraft for 2 years.",
      "highlights": [
        "Certified in HKCAD Cat B1"
      ]
    }
  ],
  "skills": [
    {
      "name": "Aviation Engineering",
      "keywords": [
        "Mudlogger",
        "Set designer",
        "Operational researcher",
        "Engineer, civil (contracting)",
        "Theme park manager"
      ]
    }
  ],
  "languages": [
    {
      "language": "Japanese"
    },
    {
      "language": "Kazakh"
    },
    {
      "language": "Komi"
    }
  ],
  "certificates": [
    {
      "name": "HKCAD Cat B1"
    }
  ]
}