{
  "basics": {
    "name": "Raymond Perry",
    "email": "jonesalexandra@example.com",
    "phone": "+852 6704 6376"
  },
  "work": [
    {
      "company": "Sullivan, Marshall and Brooks",
      "position": "Aircraft Maintenance Engineer",
      "summary": "Maintained Boeing 787 aircraft for 16 years.",
      "highlights": [
        "Certified in FAA A&P License"
      ]
    }
  ],
  "skills": [
    {
      "name": "Aviation Engineering",
      "keywords": [
        "Psychiatric nurse",
        "Merchant navy officer",
        "Contractor",
        "Advertising account executive"
      ]
    }
  ],
  "languages": [
    {
      "language": "Sango"
    },
    {
      "language": "Haitian"
    },
    {
      "language": "Hindi"
    }
  ],
  "certificates": [
    {
      "name": "FAA A&P License"
    }
  ]
}