{
  "basics": {
    "name": "Raymond Mason",
    "email": "murphykelli@example.net",
    "phone": "+852 6183 1823"
  },
  "work": [
    {
      "company": "Hall, Burns and Lewis",
      "position": "Aircraft Maintenance Engineer",
      "summary": "Maintained Airbus A350 aircraft for 11 years.",
      "highlights": [
        "Certified in EASA Part-66 License"
      ]
    }
  ],
  "skills": [
    {
      "name": "Aviation Engineering",
      "keywords": [
        "Data scientist",
        "Lecturer, further education",
        "Make",
        "Rural practice surveyor",
        "Designer, blown glass/stained glass",
        "Administrator, sports"
      ]
    }
  ],
  "languages": [
    {
      "language": "Slovak"
    },
    {
      "language": "Korean"
    },
    {
      "language": "Macedonian"
    }
  ],
  "certificates": [
    {
      "name": "EASA Part-66 License"
    }
  ]
}