{
  "basics": {
    "name": "Rebecca Hudson",
    "email": "richardsonpaul@example.net",
    "phone": "+852 6896 2729"
  },
  "work": [
    {
      "company": "Lawrence-Farmer",
      "position": "Aircraft Maintenance Engineer",
      "summary": "Maintained Boeing 777 aircraft for 6 years.",
      "highlights": [
        "Certified in FAA A&P License"
      ]
    }
  ],
  "skills": [
    {
      "name": "Aviation Engineering",
      "keywords": [
        "Forensic scientist",
        "Location manager",
        "Data scientist"
      ]
    }
  ],
  "languages": [
    {
      "language": "Dutch"
    },
    {
      "language": "Fulah"
    },
    {
      "language": "Gujarati"
    }
  ],
  "certificates": [
    {
      "name": "FAA A&P License"
    }
  ]
}