{
  "basics": {
    "name": "Robert Rivera",
    "email": "karenbuck@example.net",
    "phone": "+852 3615 4328"
  },
  "work": [
    {
      "company": "Lee Inc",
      "position": "Aircraft Maintenance Engineer",
      "summary": "Maintained Boeing 777 aircraft for 1 years.",
      "highlights": [
        "Certified in EASA Part-66 License"
      ]
    }
  ],
  "skills": [
    {
      "name": "Aviation Engineering",
      "keywords": [
        "Chief Marketing Officer",
        "Medical physicist",
        "Equities trader"
      ]
    }
  ],
  "languages": [
    {
      "language": "Oriya"
    },
    {
      "language": "Hungarian"
    },
    {
      "language": "Latin"
    }
  ],
  "certificates": [
    {
      "name": "EASA Part-66 License"
    }
  ]
}