{
  "basics": {
    "name": "Ronald Hunt",
    "email": "benjamin65@example.com",
    "phone": "+852 7564 9339"
  },
  "work": [
    {
      "company": "Padilla, Collins and Montes",
      "position": "Aircraft Maintenance Engineer",
      "summary": "Maintained Boeing 787 aircraft for 12 years.",
      "highlights": [
        "Certified in EASA Part-66 License"
      ]
    }
  ],
  "skills": [
    {
      "name": "Aviation Engineering",
      "keywords": [
        "Health promotion specialist",
        "Designer, television/film set",
        "Sound technician, broadcasting/film/video"
      ]
    }
  ],
  "languages": [
    {
      "language": "Tonga"
    },
    {
      "language": "Divehi"
    }
  ],
  "certificates": [
    {
      "name": "EASA Part-66 License"
    }
  ]
}