{
  "basics": {
    "name": "Ryan Johnson",
    "email": "qadams@example.org",
    "phone": "+852 9542 2852"
  },
  "work": [
    {
      "company": "Baker Inc",
      "position": "Aircraft Maintenance Engineer",
      "summary": "Maintained A380 aircraft for 18 years.",
      "highlights": [
        "Certified in EASA Part-66 License"
      ]
    }
  ],
  "skills": [
    {
      "name": "Aviation Engineering",
      "keywords": [
        "Embryologist, clinical",
        "Local government officer",
        "Naval architect",
        "Occupational hygienist",
        "Aid worker",
        "Building control surveyor"
      ]
    }
  ],
  "languages": [
    {
      "language": "Sotho, Southern"
    },
    {
      "language": "Marshallese"
    },
    {
      "language": "Lingala"
    }
  ],
  "certificates": [
    {
      "name": "EASA Part-66 License"
    }
  ]
}