{
  "basics": {
    "name": "Samantha Whitaker",
    "email": "bmartin@example.org",
    "phone": "+852 3633 5986"
  },
  "work": [
    {
      "company": "Sanders-White",
      "position": "Aircraft Maintenance Engineer",
      "summary": "Maintained A330neo aircraft for 17 years.",
      "highlights": [
        "Certified in EASA Part-66 License"
      ]
    }
  ],
  "skills": [
    {
      "name": "Aviation Engineering",
      "keywords": [
        "Press sub",
        "Adult guidance worker",
        "Industrial/product designer"
      ]
    }
  ],
  "languages": [
    {
      "language": "Sindhi"
    },
    {
      "language": "Hausa"
    },
    {
      "language": "Irish"
    }
  ],
  "certificates": [
    {
      "name": "EASA Part-66 License"
    }
  ]
}