{
  "basics": {
    "name": "Samuel Osborne",
    "email": "nathan65@example.org",
    "phone": "+852 5613 5471"
  },
  "work": [
    {
      "company": "Wright, Nguyen and Jones",
      "position": "Aircraft Maintenance Engineer",
      "summary": "Maintained Airbus A350 aircraft for 9 years.",
      "highlights": [
        "Certified in FAA A&P License"
      ]
    }
  ],
  "skills": [
    {
      "name": "Aviation Engineering",
      "keywords": [
        "Production designer, theatre/television/film",
        "Ship broker",
        "Art gallery manager",
        "Lawyer"
      ]
    }
  ],
  "languages": [
    {
      "language": "Russian"
    }
  ],
  "certificates": [
    {
      "name": "FAA A&P License"
    }
  ]
}