{
  "basics": {
    "name": "Sarah Dillon",
    "email": "alvaradojohn@example.com",
    "phone": "+852 2078 5723"
  },
  "work": [
    {
      "company": "Hensley LLC",
      "position": "Aircraft Maintenance Engineer",
      "summary": "Maintained A380 aircraft for 10 years.",
      "highlights": [
        "Certified in FAA A&P License"
      ]
    }
  ],
  "skills": [
    {
      "name": "Aviation Engineering",
      "keywords": [
        "Town planner",
        "Engineer, materials",
        "Chief Financial Officer",
        "Art therapist",
        "Development worker, community",
        "Print production planner"
      ]
    }
  ],
  "languages": [
    {
      "language": "Kanuri"
    },
    {
      "language": "Swahili"
    }
  ],
  "certificates": [
    {
      "name": "FAA A&P License"
    }
  ]
}