{
  "basics": {
    "name": "Savannah Weeks",
    "email": "jonathanhartman@example.com",
    "phone": "+852 7464 7536"
  },
  "work": [
    {
      "company": "Brown Inc",
      "position": "Aircraft Maintenance Engineer",
      "summary": "Maintained A380 aircraft for 6 years.",
      "highlights": [
        "Certified in HKCAD Cat B1"
      ]
    }
  ],
  "skills": [
    {
      "name": "Aviation Engineering",
      "keywords": [
        "Restaurant manager, fast food",
        "Neurosurgeon",
        "Drilling engineer"
      ]
    }
  ],
  "languages": [
    {
      "language": "Sotho, Southern"
    },
    {
      "language": "Fijian"
    }
  ],
  "certificates": [
    {
      "name": "HKCAD Cat B1"
    }
  ]
}