{
  "basics": {
    "name": "Shannon Sandoval",
    "email": "nklein@example.org",
    "phone": "+852 7837 3912"
  },
  "work": [
    {
      "company": "Vargas-Schultz",
      "position": "Aircraft Maintenance Engineer",
      "summary": "Maintained Boeing 777 aircraft for 15 years.",
      "highlights": [
        "Certified in HKCAD Cat B1"
      ]
    }
  ],
  "skills": [
    {
      "name": "Aviation Engineering",
      "keywords": [
        "Nutritional therapist",
        "Archaeologist",
        "Museum/gallery exhibitions officer",
        "Actor",
        "Audiological scientist",
        "Sales professional, IT"
      ]
    }
  ],
  "languages": [
    {
      "language": "Rundi"
    },
    {
      "language": "Tamil"
    },
    {
      "language": "Twi"
    }
  ],
  "certificates": [
    {
      "name": "HKCAD Cat B1"
    }
  ]
}