{
  "basics": {
    "name": "Stacie Shelton",
    "email": "edward90@example.com",
    "phone": "+852 5042 6383"
  },
  "work": [
    {
      "company": "Evans-Johnson",
      "position": "Aircraft Maintenance Engineer",
      "summary": "Maintained A330neo aircraft for 2 years.",
      "highlights": [
        "Certified in FAA A&P License"
      ]
    }
  ],
  "skills": [
    {
      "name": "Aviation Engineering",
      "keywords": [
        "Environmental education officer",
        "Office manager",
        "Journalist, newspaper",
        "Network engineer"
      ]
    }
  ],
  "languages": [
    {
      "language": "Esperanto"
    },
    {
      "language": "Northern Sami"
    }
  ],
  "certificates": [
    {
      "name": "FAA A&P License"
    }
  ]
}