{
  "basics": {
    "name": "Stephanie Schmitt",
    "email": "christopher67@example.org",
    "phone": "+852 3001 1215"
  },
  "work": [
    {
      "company": "Wilson, Cooke and Ramsey",
      "position": "Aircraft Maintenance Engineer",
      "summary": "Maintained A380 aircraft for 7 years.",
      "highlights": [
        "Certified in HKCAD Cat B1"
      ]
    }
  ],
  "skills": [
    {
      "name": "Aviation Engineering",
      "keywords": [
        "Cabin crew",
        "Engineer, energy",
        "Community development worker",
        "Civil engineer, consulting",
        "Corporate investment banker"
      ]
    }
  ],
  "languages": [
    {
      "language": "Norwegian Nynorsk"
    },
    {
      "language": "Pushto"
    }
  ],
  "certificates": [
    {
      "name": "HKCAD Cat B1"
    }
  ]
}