{
  "basics": {
    "name": "Teresa Figueroa",
    "email": "burkeelaine@example.net",
    "phone": "+852 5750 9038"
  },
  "work": [
    {
      "company": "Stevens, Munoz and Bryant",
      "position": "Aircraft Maintenance Engineer",
      "summary": "Maintained A330neo aircraft for 5 years.",
      "highlights": [
        "Certified in FAA A&P License"
      ]
    }
  ],
  "skills": [
    {
      "name": "Aviation Engineering",
      "keywords": [
        "Psychotherapist",
        "Geneticist, molecular",
        "Tree surgeon",
        "Purchasing manager",
        "Psychologist, counselling",
        "Systems analyst"
      ]
    }
  ],
  "languages": [
    {
      "language": "Xhosa"
    },
    {
      "language": "Bosnian"
    }
  ],
  "certificates": [
    {
      "name": "FAA A&P License"
    }
  ]
}