{
  "basics": {
    "name": "Thomas Payne",
    "email": "heather31@example.org",
    "phone": "+852 1053 8447"
  },
  "work": [
    {
      "company": "Walker-Bryant",
      "position": "Aircraft Maintenance Engineer",
      "summary": "Maintained Boeing 787 aircraft for 19 years.",
      "highlights": [
        "Certified in HKCAD Cat B1"
      ]
    }
  ],
  "skills": [
    {
      "name": "Aviation Engineering",
      "keywords": [
        "Mental health nurse",
        "Editor, film/video",
        "Sports coach",
        "Furniture designer",
        "Writer"
      ]
    }
  ],
  "languages": [
    {
      "language": "Sango"
    },
    {
      "language": "Avaric"
    },
    {
      "language": "Albanian"
    }
  ],
  "certificates": [
    {
      "name": "HKCAD Cat B1"
    }
  ]
}