{
  "basics": {
    "name": "Tracy Shaw",
    "email": "christina93@example.org",
    "phone": "+852 1935 7669"
  },
  "work": [
    {
      "company": "Brown LLC",
      "position": "Aircraft Maintenance Engineer",
      "summary": "Maintained Boeing 787 aircraft for 4 years.",
      "highlights": [
        "Certified in FAA A&P License"
      ]
    }
  ],
  "skills": [
    {
      "name": "Aviation Engineering",
      "keywords": [
        "Meteorologist",
        "Scientist, clinical (histocompatibility and immunogenetics)",
        "Senior tax professional/tax inspector",
        "Oncologist",
        "Designer, jewellery"
      ]
    }
  ],
  "languages": [
    {
      "language": "Sotho, Southern"
    },
    {
      "language": "Luxembourgish"
    },
    {
      "language": "Faroese"
    }
  ],
  "certificates": [
    {
      "name": "FAA A&P License"
    }
  ]
}