{
  "basics": {
    "name": "Vanessa Allen",
    "email": "michaeldunn@example.net",
    "phone": "+852 4544 7967"
  },
  "work": [
    {
      "company": "Castro and Sons",
      "position": "Aircraft Maintenance Engineer",
      "summary": "Maintained A330neo aircraft for 12 years.",
      "highlights": [
        "Certified in EASA Part-66 License"
      ]
    }
  ],
  "skills": [
    {
      "name": "Aviation Engineering",
      "keywords": [
        "Geochemist",
        "Archivist",
        "Pharmacist, community",
        "Immigration officer",
        "Scientist, clinical (histocompatibility and immunogenetics)",
        "Quarry manager"
      ]
    }
  ],
  "languages": [
    {
      "language": "Akan"
    },
    {
      "language": "Irish"
    },
    {
      "language": "Bosnian"
    }
  ],
  "certificates": [
    {
      "name": "EASA Part-66 License"
    }
  ]
}