{
  "basics": {
    "name": "William Taylor",
    "email": "hamiltontracie@example.net",
    "phone": "+852 9755 7250"
  },
  "work": [
    {
      "company": "Bishop-Phelps",
      "position": "Aircraft Maintenance Engineer",
      "summary": "Maintained Airbus A350 aircraft for 18 years.",
      "highlights": [
        "Certified in EASA Part-66 License"
      ]
    }
  ],
  "skills": [
    {
      "name": "Aviation Engineering",
      "keywords": [
        "Designer, blown glass/stained glass",
        "Marine scientist",
        "Environmental education officer",
        "Economist",
        "Accountant, chartered management"
      ]
    }
  ],
  "languages": [
    {
      "language": "Chamorro"
    },
    {
      "language": "Persian"
    }
  ],
  "certificates": [
    {
      "name": "EASA Part-66 License"
    }
  ]
}